Org,City,State,Lat,Lon,Link,Type,Career.Pathways.Workstream
100K Trees for Humanity,Alameda,CA,37.78013317,-122.2823857,https://www.100ktrees4humanity.com,Non-profit,Tree Equity Workforce Network
"Arborholic, LLC",Austin,TX,30.26725053,-97.74321105,https://www.arborholic.com,Skills trainer,Tree Equity Workforce Network
Arizona Community Tree Council,Phoenix,AZ,33.45026672,-111.9752666,https://aztrees.org,Non-profit,Tree Equity Workforce Network
Arizona Department of Forestry and Fire Management,Tucson,AZ,32.14527816,-110.8472337,https://dffm.az.gov,State agency,Tree Equity Workforce Network
Asheville GreenWorks,Asheville,NC,35.58101752,-82.59714971,https://www.ashevillegreenworks.org,Non-profit,Tree Equity Workforce Network
Baltimore Tree Trust,Baltimore,MD,39.31849588,-76.6237567,https://www.baltimoretreetrust.org/,Non-profit,Tree Equity Workforce Network
Bartram's Garden,Philadelphia,PA,39.93335018,-75.2122015,https://www.bartramsgarden.org/trees/,Non-profit,Tree Equity Workforce Network
Beyond Housing,Pine Lawn,MO,38.69840601,-90.2787037,https://www.beyondhousing.org,Non-profit,Tree Equity Workforce Network
"Butte Environmental Council, Inc.",Chico,CA,39.72345935,-121.8482516,https://www.becnet.org,Non-profit,Tree Equity Workforce Network
"City & County of Denver, CO - Office of the City Forester",Denver,CO,39.74065387,-104.9882466,https://www.denvergov.org/Government/Agencies-Departments-Offices/Agencies-Departments-Offices-Directory/Parks-Recreation/Trees-Natural-Resources/Office-of-the-City-Forester,Municipal agency,Tree Equity Workforce Network
City of Austin ,Austin,TX,30.26519307,-97.75854249,https://www.austintexas.gov/department/austin-civilian-conservation-corps,Municipal agency,Tree Equity Workforce Network
City of Burien,Burien,WA,47.46720746,-122.3396373,https://www.burienwa.gov/business/community_development/trees_and_urban_forest_management,Municipal agency,Tree Equity Workforce Network
City of Charlotte,Charlotte,NC,35.22147524,-80.83943303,https://charlottenc.gov/trees,Municipal agency,Tree Equity Workforce Network
"City of Missoula, MT",Missoula,MT,46.87436269,-113.9946889,https://www.ci.missoula.mt.us/230/Urban-Forestry,Municipal agency,Tree Equity Workforce Network
City of Seattle ,Seattle,WA,47.60612108,-122.3319413,https://www.greenseattle.org,Municipal agency,Tree Equity Workforce Network
City Plants,Los Angeles,CA,34.05405579,-118.2427128,https://cityplants.org,Non-profit,Tree Equity Workforce Network
Colorado State Forest Service,Broomfield,CO,39.91270522,-105.1064691,https://csfs.colostate.edu/forest-management/community-urban-forestry/,State agency,Tree Equity Workforce Network
Division of Forestry and Wildlife,Honolulu,HI,21.30580019,-157.8552176,https://www.kaulunani.org,State agency,Tree Equity Workforce Network
Farming2Freedom,Huntingdon,PA,40.48575048,-78.00803119,https://farming2freedom.org/,Non-profit,Tree Equity Workforce Network
Friends of the Urban Forest,San Francisco,CA,37.80143988,-122.4515677,https://friendsoftheurbanforest.org,Non-profit,Tree Equity Workforce Network
"Garden Time, Inc.",Providence,RI,41.8234052,-71.41002302,https://www.gardentime.us,Non-profit,Tree Equity Workforce Network
Groundwork RVA,Richmond,VA,37.57088226,-77.41830358,https://groundworkrva.org,Non-profit,Tree Equity Workforce Network
Howard EcoWorks,Columbia,MD,39.17759718,-76.85238646,https://www.howardecoworks.org,Non-profit,Tree Equity Workforce Network
International Society of Arboriculture,Atlanta,GA,33.76205521,-84.38781458,https://www.isa-arbor.com,Non-profit,Tree Equity Workforce Network
"Isles, Inc.",Trenton,NJ,40.22201653,-74.76161894,https://www.isles.org,Non-profit,Tree Equity Workforce Network
Kalamazoo Literacy Council,Kalamazoo,MI,42.27036644,-85.57580655,https://www.kalamazooliteracy.org,Non-profit,Tree Equity Workforce Network
King County Parks,Seattle,WA,47.59919132,-122.3313073,https://kingcounty.gov/services/parks-recreation/parks.aspx,Municipal agency,Tree Equity Workforce Network
Landforce,Pittsburgh,PA,40.44919013,-79.8946571,https://www.landforcepgh.org,Non-profit,Tree Equity Workforce Network; WorkForest
Little Manila Rising,Stockton,CA,37.93012468,-121.2802581,https://littlemanila.org,Non-profit,Tree Equity Workforce Network
Los Angeles Conservation Corps,Los Angeles,CA,34.06647688,-118.2322409,https://lacorps.org,Non-profit,Tree Equity Workforce Network
Maryland DNR Forest Service,Annapolis,MD,38.98630639,-76.50306597,https://dnr.maryland.gov/forests/Pages/default.aspx,State agency,Tree Equity Workforce Network
Memphis Native Tree Works / Memphis Urban Wood,Memphis,TN,35.10668788,-90.03258777,https://theworkscdc.org/memphis-native-tree-works/,Non-profit,Tree Equity Workforce Network
Memphis Urban Wood,Memphis,TN,35.17224201,-90.00612543,https://www.Memphisurbanwood.com,Private employer,Tree Equity Workforce Network
MN-DNR Urban and Community Forestry Program,St. Paul,MN,44.95630957,-93.08399133,https://www.dnr.state.mn.us/,State agency,Tree Equity Workforce Network
MT Dept. of Natural Resources & Conservation,Missoula,MT,46.58954594,-112.0135124,https://dnrc.mt.gov/Forestry/Community-Local-Government/urban-and-community-forestry,State agency,Tree Equity Workforce Network
NC State Extension,Union County,NC,34.97970738,-80.47431094,https://union.ces.ncsu.edu/,Municipal agency,Tree Equity Workforce Network
New London Trees,New London,CT,41.35511263,-72.09932431,https://www.newlondontrees.org,Non-profit,Tree Equity Workforce Network
NM State Forestry,Santa Fe,NM,35.66922559,-105.9572597,https://www.emnrd.nm.gov/sfd/urban-and-community-forestry/,State agency,Tree Equity Workforce Network
Ohio Department of Natural Resources - Division of Forestry,Columbus,OH,40.05849341,-82.96561956,https://forestry.ohiodnr.gov,State agency,Tree Equity Workforce Network
Onondaga Earth Corps,Syracuse,NY,43.04053556,-76.14935795,https://onondagaearthcorps.org,Non-profit,Tree Equity Workforce Network
Our City Forest,San Jose,CA,37.31158079,-121.8912631,https://www.ourcityforest.org,Non-profit,Tree Equity Workforce Network; WorkForest
Outdoor Equity Alliance,Trenton,NJ,40.21970263,-74.76116145,https://outdoorequityalliance.org/,Non-profit,Tree Equity Workforce Network
Pennsylvania Correctional Conservation Collaborative,,PA,40.91362059,-77.70021404,https://sites.google.com/view/cccmanual/home,Non-profit,Tree Equity Workforce Network
PlanIT Geo,Arvada,CO,39.83977408,-105.0803727,https://planitgeo.com/,Private employer,Tree Equity Workforce Network
Plant A Tree: Grow A Leader™/The Astonishing World of Trees ,Kalamazoo,MI,42.25431858,-85.61466018,https://theastonishingworldoftrees.org,youth-focused environmental and community stewardship program in partnership with a non-profit organization,Tree Equity Workforce Network
PowerCorps Boston,Boston,MA,42.31409596,-71.09137281,https://owd.boston.gov/powercorpsbos/,Non-profit,Tree Equity Workforce Network
PowerCorpsPHL,Philadelphia,PA,39.99287841,-75.1909413,https://powercorpsphl.org/,Non-profit,Tree Equity Workforce Network
Providence Neighborhood Planting Program (PNPP),Providence,RI,41.82147776,-71.44034907,https://pnpp.org,Non-profit,Tree Equity Workforce Network
Rhode Island Nursery & Landscape Association ,Providence,RI,41.52100056,-71.55573379,https://growingfuturesri.org,Non-profit,Tree Equity Workforce Network
SF Clean City ,San Francisco,CA ,37.71772544,-122.4361841,www.sfcleancity.com,Non-profit,Tree Equity Workforce Network
SistersWe,San Bernardino,CA ,34.10884439,-117.2914561,https://SistersWe.com,Non-profit,Tree Equity Workforce Network
Student Conservation Association,Arlington,VA,38.88908686,-77.08386527,https://www.thesca.org,Non-profit,Tree Equity Workforce Network
Sustainable Jersey City,Jersey City,NJ,40.72016733,-74.05397034,https://www.sustainablejc.org/,Non-profit,Tree Equity Workforce Network
Tennessee Urban Forestry Council,Nashville,TN,36.19407082,-86.77017759,https://tufc.com,Non-profit,Tree Equity Workforce Network
Texas Trees Foundation,Dallas,TX,32.81051496,-96.86007137,https://www.texastrees.org ,Non-profit,Tree Equity Workforce Network; WorkForest
The Trail Conservancy,Austin,TX,30.24354763,-97.72728572,https://thetrailconservancy.org,Non-profit,Tree Equity Workforce Network
Tree Trust,St. Paul,MN,44.97308633,-93.16027844,https://treetrust.org,Non-profit,Tree Equity Workforce Network; WorkForest
TreePeople,Los Angeles,CA ,34.12990484,-118.4051701,https://treepeople.org,Non-profit,Tree Equity Workforce Network
Tucson Clean and Beautiful ,Tucson,AZ,32.16319305,-110.9502371,https://www.tucsoncleanandbeautiful.org,Non-profit,Tree Equity Workforce Network
UCLA Institute of the Environment & Sustainability ,Los Angeles,CA ,34.06765409,-118.4425567,https://edithdeguzman.com,Higher education,Tree Equity Workforce Network
"UMass, Amherst ",Amherst,MA,42.38691827,-72.53009442,https://tinyurl.com/umassarbor,Higher education,Tree Equity Workforce Network
Unity College,Brownfield,ME,43.90595143,-70.25711286,https://orcid.org/0000-0003-1456-3755,Higher education,Tree Equity Workforce Network
Urban Corps of San Diego County,San Diego,CA ,32.75560917,-117.2033985,https://www.urbancorpssd.org,Non-profit,Tree Equity Workforce Network
"Urban Wood Economy, Inc.",Baltimore,MD,39.29024745,-76.58627612,https://www.uweconomy.org,Non-profit,Tree Equity Workforce Network
Western Reserve Land Conservancy,Cleveland,OH,41.4533102,-81.40940715,https://www.wrlandconservancy.org,Non-profit,Tree Equity Workforce Network
The Greening of Detroit,Detroit,MI,42.4170792,-83.17380272,http://greeningofdetroit.com/,Non-profit,WorkForest
Tiger Mountain Foundation,Phoenix,AZ,33.40411898,-112.015193,http://tigermountainfoundation.org/,Non-profit,WorkForest
American Youthworks,Austin,TX,30.21627875,-97.74760967,https://www.ayw.org/,Non-profit,WorkForest
American Youthworks,San Antonio,TX,30.21593404,-97.74760362,https://www.ayw.org/,Non-profit,WorkForest
American Youthworks,Houston,TX,29.72987273,-95.56050593,https://www.ayw.org/,Non-profit,WorkForest
